season_name,match_id,team,total_defensive_actions,defensive_line_height,defensive_third_pct,middle_third_pct,attacking_third_pct,defensive_style,Defensive Third,Middle Third,Attacking Third
2023/2024,3895052,Bayer Leverkusen,44.0,1.545,59.09,27.27,13.64,Low Block,26.0,12.0,6.0
2023/2024,3895052,RB Leipzig,38.0,1.421,68.42,21.05,10.53,Low Block,26.0,8.0,4.0
2023/2024,3895060,Bayer Leverkusen,40.0,1.525,60.0,27.5,12.5,Low Block,24.0,11.0,5.0
2023/2024,3895060,Borussia Mönchengladbach,58.0,1.328,72.41,22.41,5.17,Low Block,42.0,13.0,3.0
2023/2024,3895067,Bayer Leverkusen,29.0,1.931,37.93,31.03,31.03,High Press,11.0,9.0,9.0
2023/2024,3895067,Darmstadt 98,69.0,1.159,85.51,13.04,1.45,Low Block,59.0,9.0,1.0
2023/2024,3895074,Bayer Leverkusen,65.0,1.431,63.08,30.77,6.15,Low Block,41.0,20.0,4.0
2023/2024,3895074,Bayern Munich,53.0,1.642,52.83,30.19,16.98,Low Block,28.0,16.0,9.0
2023/2024,3895086,Bayer Leverkusen,34.0,1.882,38.24,35.29,26.47,Balanced,13.0,12.0,9.0
2023/2024,3895086,FC Heidenheim,59.0,1.119,89.83,8.47,1.69,Low Block,53.0,5.0,1.0
2023/2024,3895095,Bayer Leverkusen,60.0,1.367,68.33,26.67,5.0,Low Block,41.0,16.0,3.0
2023/2024,3895095,FSV Mainz 05,41.0,1.61,46.34,46.34,7.32,Balanced,19.0,19.0,3.0
2023/2024,3895107,Bayer Leverkusen,44.0,1.932,36.36,34.09,29.55,Balanced,16.0,15.0,13.0
2023/2024,3895107,FC Köln,67.0,1.239,83.58,8.96,7.46,Low Block,56.0,6.0,5.0
2023/2024,3895113,Bayer Leverkusen,45.0,1.422,64.44,28.89,6.67,Low Block,29.0,13.0,3.0
2023/2024,3895113,Wolfsburg,57.0,1.509,56.14,36.84,7.02,Low Block,32.0,21.0,4.0
2023/2024,3895121,Bayer Leverkusen,51.0,1.431,70.59,15.69,13.73,Low Block,36.0,8.0,7.0
2023/2024,3895121,Freiburg,53.0,1.226,83.02,11.32,5.66,Low Block,44.0,6.0,3.0
2023/2024,3895134,Bayer Leverkusen,53.0,1.245,81.13,13.21,5.66,Low Block,43.0,7.0,3.0
2023/2024,3895134,Hoffenheim,50.0,1.6,56.0,28.0,16.0,Low Block,28.0,14.0,8.0
2023/2024,3895139,Bayer Leverkusen,39.0,1.59,58.97,23.08,17.95,Low Block,23.0,9.0,7.0
2023/2024,3895139,Union Berlin,49.0,1.204,83.67,12.24,4.08,Low Block,41.0,6.0,2.0
2023/2024,3895153,Bayer Leverkusen,42.0,1.548,59.52,26.19,14.29,Low Block,25.0,11.0,6.0
2023/2024,3895153,Werder Bremen,52.0,1.365,69.23,25.0,5.77,Low Block,36.0,13.0,3.0
2023/2024,3895158,Bayer Leverkusen,45.0,2.022,24.44,48.89,26.67,Balanced,11.0,22.0,12.0
2023/2024,3895158,Borussia Dortmund,97.0,1.155,87.63,9.28,3.09,Low Block,85.0,9.0,3.0
2023/2024,3895167,Bayer Leverkusen,46.0,1.5,60.87,28.26,10.87,Low Block,28.0,13.0,5.0
2023/2024,3895167,VfB Stuttgart,57.0,1.439,64.91,26.32,8.77,Low Block,37.0,15.0,5.0
2023/2024,3895180,Bayer Leverkusen,53.0,1.566,56.6,30.19,13.21,Low Block,30.0,16.0,7.0
2023/2024,3895180,Eintracht Frankfurt,62.0,1.565,53.23,37.1,9.68,Low Block,33.0,23.0,6.0
2023/2024,3895182,Bayer Leverkusen,48.0,1.604,52.08,35.42,12.5,Low Block,25.0,17.0,6.0
2023/2024,3895182,Bochum,53.0,1.642,47.17,41.51,11.32,Balanced,25.0,22.0,6.0
2023/2024,3895194,Augsburg,94.0,1.34,75.53,14.89,9.57,Low Block,71.0,14.0,9.0
2023/2024,3895194,Bayer Leverkusen,26.0,1.769,42.31,38.46,19.23,Balanced,11.0,10.0,5.0
2023/2024,3895202,Bayer Leverkusen,51.0,1.51,58.82,31.37,9.8,Low Block,30.0,16.0,5.0
2023/2024,3895202,RB Leipzig,56.0,1.482,62.5,26.79,10.71,Low Block,35.0,15.0,6.0
2023/2024,3895210,Bayer Leverkusen,25.0,1.8,52.0,16.0,32.0,High Press,13.0,4.0,8.0
2023/2024,3895210,Borussia Mönchengladbach,102.0,1.127,91.18,4.9,3.92,Low Block,93.0,5.0,4.0
2023/2024,3895220,Bayer Leverkusen,42.0,1.548,57.14,30.95,11.9,Low Block,24.0,13.0,5.0
2023/2024,3895220,Darmstadt 98,59.0,1.39,66.1,28.81,5.08,Low Block,39.0,17.0,3.0
2023/2024,3895232,Bayer Leverkusen,60.0,1.283,73.33,25.0,1.67,Low Block,44.0,15.0,1.0
2023/2024,3895232,Bayern Munich,31.0,1.677,51.61,29.03,19.35,Low Block,16.0,9.0,6.0
2023/2024,3895244,Bayer Leverkusen,52.0,1.327,73.08,21.15,5.77,Low Block,38.0,11.0,3.0
2023/2024,3895244,FC Heidenheim,71.0,1.493,64.79,21.13,14.08,Low Block,46.0,15.0,10.0
2023/2024,3895250,Bayer Leverkusen,36.0,1.5,58.33,33.33,8.33,Low Block,21.0,12.0,3.0
2023/2024,3895250,FSV Mainz 05,74.0,1.446,64.86,25.68,9.46,Low Block,48.0,19.0,7.0
2023/2024,3895258,Bayer Leverkusen,24.0,1.958,37.5,29.17,33.33,High Press,9.0,7.0,8.0
2023/2024,3895258,FC Köln,59.0,1.102,91.53,6.78,1.69,Low Block,54.0,4.0,1.0
2023/2024,3895266,Bayer Leverkusen,24.0,2.042,37.5,20.83,41.67,High Press,9.0,5.0,10.0
2023/2024,3895266,Wolfsburg,57.0,1.123,89.47,8.77,1.75,Low Block,51.0,5.0,1.0
2023/2024,3895275,Bayer Leverkusen,41.0,1.439,65.85,24.39,9.76,Low Block,27.0,10.0,4.0
2023/2024,3895275,Freiburg,46.0,1.348,71.74,21.74,6.52,Low Block,33.0,10.0,3.0
2023/2024,3895286,Bayer Leverkusen,39.0,1.641,56.41,23.08,20.51,Low Block,22.0,9.0,8.0
2023/2024,3895286,Hoffenheim,89.0,1.135,91.01,4.49,4.49,Low Block,81.0,4.0,4.0
2023/2024,3895292,Bayer Leverkusen,46.0,1.326,71.74,23.91,4.35,Low Block,33.0,11.0,2.0
2023/2024,3895292,Union Berlin,63.0,1.381,71.43,19.05,9.52,Low Block,45.0,12.0,6.0
2023/2024,3895302,Bayer Leverkusen,32.0,1.844,40.62,34.38,25.0,Balanced,13.0,11.0,8.0
2023/2024,3895302,Werder Bremen,45.0,1.289,77.78,15.56,6.67,Low Block,35.0,7.0,3.0
2023/2024,3895309,Bayer Leverkusen,33.0,1.455,66.67,21.21,12.12,Low Block,22.0,7.0,4.0
2023/2024,3895309,Borussia Dortmund,41.0,1.439,63.41,29.27,7.32,Low Block,26.0,12.0,3.0
2023/2024,3895320,Bayer Leverkusen,26.0,1.615,53.85,30.77,15.38,Low Block,14.0,8.0,4.0
2023/2024,3895320,VfB Stuttgart,44.0,1.477,63.64,25.0,11.36,Low Block,28.0,11.0,5.0
2023/2024,3895333,Bayer Leverkusen,59.0,1.136,88.14,10.17,1.69,Low Block,52.0,6.0,1.0
2023/2024,3895333,Eintracht Frankfurt,39.0,1.513,58.97,30.77,10.26,Low Block,23.0,12.0,4.0
2023/2024,3895340,Bayer Leverkusen,38.0,1.579,55.26,31.58,13.16,Low Block,21.0,12.0,5.0
2023/2024,3895340,Bochum,49.0,1.429,65.31,26.53,8.16,Low Block,32.0,13.0,4.0
2023/2024,3895348,Augsburg,53.0,1.208,84.91,9.43,5.66,Low Block,45.0,5.0,3.0
2023/2024,3895348,Bayer Leverkusen,41.0,1.488,68.29,14.63,17.07,Low Block,28.0,6.0,7.0
2024,3930158,Germany,32.0,1.812,37.5,43.75,18.75,Balanced,12.0,14.0,6.0
2024,3930158,Scotland,44.0,1.341,72.73,20.45,6.82,Low Block,32.0,9.0,3.0
2024,3930159,Hungary,48.0,1.292,75.0,20.83,4.17,Low Block,36.0,10.0,2.0
2024,3930159,Switzerland,43.0,1.605,55.81,27.91,16.28,Low Block,24.0,12.0,7.0
2024,3930160,Croatia,47.0,1.766,44.68,34.04,21.28,Balanced,21.0,16.0,10.0
2024,3930160,Spain,29.0,1.655,48.28,37.93,13.79,Balanced,14.0,11.0,4.0
2024,3930161,Albania,50.0,1.24,78.0,20.0,2.0,Low Block,39.0,10.0,1.0
2024,3930161,Italy,30.0,2.0,33.33,33.33,33.33,High Press,10.0,10.0,10.0
2024,3930162,Denmark,37.0,1.432,67.57,21.62,10.81,Low Block,25.0,8.0,4.0
2024,3930162,Slovenia,65.0,1.246,78.46,18.46,3.08,Low Block,51.0,12.0,2.0
2024,3930163,England,45.0,1.267,73.33,26.67,0.0,Low Block,33.0,12.0,0.0
2024,3930163,Serbia,37.0,1.378,70.27,21.62,8.11,Low Block,26.0,8.0,3.0
2024,3930164,Belgium,40.0,1.425,67.5,22.5,10.0,Low Block,27.0,9.0,4.0
2024,3930164,Slovakia,50.0,1.44,68.0,20.0,12.0,Low Block,34.0,10.0,6.0
2024,3930165,Austria,56.0,1.554,55.36,33.93,10.71,Low Block,31.0,19.0,6.0
2024,3930165,France,61.0,1.311,73.77,21.31,4.92,Low Block,45.0,13.0,3.0
2024,3930166,Czech Republic,73.0,1.247,80.82,13.7,5.48,Low Block,59.0,10.0,4.0
2024,3930166,Portugal,40.0,1.55,52.5,40.0,7.5,Low Block,21.0,16.0,3.0
2024,3930167,Albania,61.0,1.148,88.52,8.2,3.28,Low Block,54.0,5.0,2.0
2024,3930167,Croatia,39.0,1.41,71.79,15.38,12.82,Low Block,28.0,6.0,5.0
2024,3930168,Germany,41.0,1.366,73.17,17.07,9.76,Low Block,30.0,7.0,4.0
2024,3930168,Hungary,56.0,1.161,87.5,8.93,3.57,Low Block,49.0,5.0,2.0
2024,3930169,Scotland,39.0,1.59,61.54,17.95,20.51,Low Block,24.0,7.0,8.0
2024,3930169,Switzerland,62.0,1.29,74.19,22.58,3.23,Low Block,46.0,14.0,2.0
2024,3930170,Serbia,39.0,1.513,58.97,30.77,10.26,Low Block,23.0,12.0,4.0
2024,3930170,Slovenia,59.0,1.237,79.66,16.95,3.39,Low Block,47.0,10.0,2.0
2024,3930171,Denmark,35.0,1.8,42.86,34.29,22.86,Balanced,15.0,12.0,8.0
2024,3930171,England,35.0,1.286,80.0,11.43,8.57,Low Block,28.0,4.0,3.0
2024,3930172,Italy,38.0,1.158,86.84,10.53,2.63,Low Block,33.0,4.0,1.0
2024,3930172,Spain,35.0,1.686,54.29,22.86,22.86,Low Block,19.0,8.0,8.0
2024,3930173,France,23.0,1.652,52.17,30.43,17.39,Low Block,12.0,7.0,4.0
2024,3930173,Netherlands,47.0,1.319,76.6,14.89,8.51,Low Block,36.0,7.0,4.0
2024,3930174,Portugal,40.0,1.325,77.5,12.5,10.0,Low Block,31.0,5.0,4.0
2024,3930174,Turkey,36.0,1.5,61.11,27.78,11.11,Low Block,22.0,10.0,4.0
2024,3930175,Belgium,48.0,1.542,60.42,25.0,14.58,Low Block,29.0,12.0,7.0
2024,3930175,Romania,47.0,1.213,82.98,12.77,4.26,Low Block,39.0,6.0,2.0
2024,3930176,Germany,31.0,1.806,35.48,48.39,16.13,Balanced,11.0,15.0,5.0
2024,3930176,Switzerland,49.0,1.49,67.35,16.33,16.33,Low Block,33.0,8.0,8.0
2024,3930177,Hungary,57.0,1.526,54.39,38.6,7.02,Low Block,31.0,22.0,4.0
2024,3930177,Scotland,53.0,1.358,69.81,24.53,5.66,Low Block,37.0,13.0,3.0
2024,3930178,Croatia,60.0,1.45,71.67,11.67,16.67,Low Block,43.0,7.0,10.0
2024,3930178,Italy,31.0,1.484,64.52,22.58,12.9,Low Block,20.0,7.0,4.0
2024,3930179,Albania,54.0,1.296,75.93,18.52,5.56,Low Block,41.0,10.0,3.0
2024,3930179,Spain,46.0,1.63,54.35,28.26,17.39,Low Block,25.0,13.0,8.0
2024,3930180,Austria,49.0,1.592,57.14,26.53,16.33,Low Block,28.0,13.0,8.0
2024,3930180,Netherlands,35.0,1.514,57.14,34.29,8.57,Low Block,20.0,12.0,3.0
2024,3930181,England,26.0,1.731,46.15,34.62,19.23,Balanced,12.0,9.0,5.0
2024,3930181,Slovenia,43.0,1.326,74.42,18.6,6.98,Low Block,32.0,8.0,3.0
2024,3930182,Denmark,41.0,1.512,58.54,31.71,9.76,Low Block,24.0,13.0,4.0
2024,3930182,Serbia,45.0,1.267,77.78,17.78,4.44,Low Block,35.0,8.0,2.0
2024,3930183,Romania,41.0,1.317,78.05,12.2,9.76,Low Block,32.0,5.0,4.0
2024,3930183,Slovakia,39.0,1.59,56.41,28.21,15.38,Low Block,22.0,11.0,6.0
2024,3930184,Czech Republic,40.0,1.25,82.5,10.0,7.5,Low Block,33.0,4.0,3.0
2024,3930184,Turkey,42.0,1.167,85.71,11.9,2.38,Low Block,36.0,5.0,1.0
2024,3938637,Netherlands,39.0,1.359,71.79,20.51,7.69,Low Block,28.0,8.0,3.0
2024,3938637,Poland,66.0,1.303,78.79,12.12,9.09,Low Block,52.0,8.0,6.0
2024,3938638,Romania,49.0,1.204,85.71,8.16,6.12,Low Block,42.0,4.0,3.0
2024,3938638,Ukraine,30.0,1.5,56.67,36.67,6.67,Low Block,17.0,11.0,2.0
2024,3938639,Georgia,49.0,1.204,81.63,16.33,2.04,Low Block,40.0,8.0,1.0
2024,3938639,Turkey,34.0,1.412,70.59,17.65,11.76,Low Block,24.0,6.0,4.0
2024,3938640,Slovakia,25.0,1.08,92.0,8.0,0.0,Low Block,23.0,2.0,0.0
2024,3938640,Ukraine,43.0,1.442,67.44,20.93,11.63,Low Block,29.0,9.0,5.0
2024,3938641,Austria,60.0,1.633,48.33,40.0,11.67,Balanced,29.0,24.0,7.0
2024,3938641,Poland,48.0,1.479,58.33,35.42,6.25,Low Block,28.0,17.0,3.0
2024,3938642,Czech Republic,35.0,1.743,54.29,17.14,28.57,Low Block,19.0,6.0,10.0
2024,3938642,Georgia,77.0,1.13,87.01,12.99,0.0,Low Block,67.0,10.0,0.0
2024,3938643,France,40.0,1.55,65.0,15.0,20.0,Low Block,26.0,6.0,8.0
2024,3938643,Poland,61.0,1.344,73.77,18.03,8.2,Low Block,45.0,11.0,5.0
2024,3938644,Georgia,49.0,1.163,89.8,4.08,6.12,Low Block,44.0,2.0,3.0
2024,3938644,Portugal,32.0,1.906,37.5,34.38,28.12,Balanced,12.0,11.0,9.0
2024,3938645,Belgium,29.0,1.483,65.52,20.69,13.79,Low Block,19.0,6.0,4.0
2024,3938645,Ukraine,47.0,1.234,78.72,19.15,2.13,Low Block,37.0,9.0,1.0
2024,3939969,Argentina,44.0,1.591,54.55,31.82,13.64,Low Block,24.0,14.0,6.0
2024,3939969,Canada,48.0,1.417,68.75,20.83,10.42,Low Block,33.0,10.0,5.0
2024,3939970,Chile,35.0,1.571,51.43,40.0,8.57,Low Block,18.0,14.0,3.0
2024,3939970,Peru,44.0,1.409,65.91,27.27,6.82,Low Block,29.0,12.0,3.0
2024,3939971,Jamaica,69.0,1.377,68.12,26.09,5.8,Low Block,47.0,18.0,4.0
2024,3939971,Mexico,61.0,1.443,65.57,24.59,9.84,Low Block,40.0,15.0,6.0
2024,3939972,Ecuador,62.0,1.177,83.87,14.52,1.61,Low Block,52.0,9.0,1.0
2024,3939972,Venezuela,47.0,1.532,65.96,14.89,19.15,Low Block,31.0,7.0,9.0
2024,3939973,Panama,49.0,1.429,69.39,18.37,12.24,Low Block,34.0,9.0,6.0
2024,3939973,Uruguay,48.0,1.438,70.83,14.58,14.58,Low Block,34.0,7.0,7.0
2024,3939974,Bolivia,63.0,1.397,68.25,23.81,7.94,Low Block,43.0,15.0,5.0
2024,3939974,United States,31.0,1.903,35.48,38.71,25.81,Balanced,11.0,12.0,8.0
2024,3939975,Colombia,52.0,1.654,50.0,34.62,15.38,Balanced,26.0,18.0,8.0
2024,3939975,Paraguay,52.0,1.519,59.62,28.85,11.54,Low Block,31.0,15.0,6.0
2024,3939976,Brazil,34.0,1.794,47.06,26.47,26.47,Balanced,16.0,9.0,9.0
2024,3939976,Costa Rica,72.0,1.319,76.39,15.28,8.33,Low Block,55.0,11.0,6.0
2024,3939977,Argentina,44.0,1.432,63.64,29.55,6.82,Low Block,28.0,13.0,3.0
2024,3939977,Chile,49.0,1.612,57.14,24.49,18.37,Low Block,28.0,12.0,9.0
2024,3939978,Canada,49.0,1.449,65.31,24.49,10.2,Low Block,32.0,12.0,5.0
2024,3939978,Peru,45.0,1.467,62.22,28.89,8.89,Low Block,28.0,13.0,4.0
2024,3939979,Mexico,44.0,1.614,59.09,20.45,20.45,Low Block,26.0,9.0,9.0
2024,3939979,Venezuela,77.0,1.338,75.32,15.58,9.09,Low Block,58.0,12.0,7.0
2024,3939980,Ecuador,54.0,1.37,68.52,25.93,5.56,Low Block,37.0,14.0,3.0
2024,3939980,Jamaica,55.0,1.273,76.36,20.0,3.64,Low Block,42.0,11.0,2.0
2024,3939981,Panama,29.0,1.621,51.72,34.48,13.79,Low Block,15.0,10.0,4.0
2024,3939981,United States,51.0,1.216,80.39,17.65,1.96,Low Block,41.0,9.0,1.0
2024,3939982,Bolivia,57.0,1.246,77.19,21.05,1.75,Low Block,44.0,12.0,1.0
2024,3939982,Uruguay,33.0,1.697,57.58,15.15,27.27,Low Block,19.0,5.0,9.0
2024,3939983,Brazil,43.0,1.395,72.09,16.28,11.63,Low Block,31.0,7.0,5.0
2024,3939983,Paraguay,47.0,1.596,61.7,17.02,21.28,Low Block,29.0,8.0,10.0
2024,3939984,Colombia,32.0,1.594,53.12,34.38,12.5,Low Block,17.0,11.0,4.0
2024,3939984,Costa Rica,38.0,1.421,65.79,26.32,7.89,Low Block,25.0,10.0,3.0
2024,3939985,Canada,58.0,1.328,74.14,18.97,6.9,Low Block,43.0,11.0,4.0
2024,3939985,Chile,51.0,1.51,66.67,15.69,17.65,Low Block,34.0,8.0,9.0
2024,3939986,Argentina,34.0,1.5,58.82,32.35,8.82,Low Block,20.0,11.0,3.0
2024,3939986,Peru,33.0,1.697,45.45,39.39,15.15,Balanced,15.0,13.0,5.0
2024,3939987,Jamaica,51.0,1.176,86.27,9.8,3.92,Low Block,44.0,5.0,2.0
2024,3939987,Venezuela,34.0,1.706,52.94,23.53,23.53,Low Block,18.0,8.0,8.0
2024,3939988,Ecuador,74.0,1.257,79.73,14.86,5.41,Low Block,59.0,11.0,4.0
2024,3939988,Mexico,47.0,1.638,53.19,29.79,17.02,Low Block,25.0,14.0,8.0
2024,3939989,Bolivia,47.0,1.383,70.21,21.28,8.51,Low Block,33.0,10.0,4.0
2024,3939989,Panama,31.0,1.548,54.84,35.48,9.68,Low Block,17.0,11.0,3.0
2024,3939990,United States,37.0,1.514,67.57,13.51,18.92,Low Block,25.0,5.0,7.0
2024,3939990,Uruguay,53.0,1.415,64.15,30.19,5.66,Low Block,34.0,16.0,3.0
2024,3939991,Brazil,53.0,1.491,62.26,26.42,11.32,Low Block,33.0,14.0,6.0
2024,3939991,Colombia,46.0,1.478,63.04,26.09,10.87,Low Block,29.0,12.0,5.0
2024,3939992,Costa Rica,50.0,1.18,84.0,14.0,2.0,Low Block,42.0,7.0,1.0
2024,3939992,Paraguay,44.0,1.773,43.18,36.36,20.45,Balanced,19.0,16.0,9.0
2024,3940878,Italy,41.0,1.22,80.49,17.07,2.44,Low Block,33.0,7.0,1.0
2024,3940878,Switzerland,43.0,1.349,81.4,2.33,16.28,Low Block,35.0,1.0,7.0
2024,3940983,Denmark,28.0,1.429,67.86,21.43,10.71,Low Block,19.0,6.0,3.0
2024,3940983,Germany,44.0,1.341,70.45,25.0,4.55,Low Block,31.0,11.0,2.0
2024,3941017,England,47.0,1.596,57.45,25.53,17.02,Low Block,27.0,12.0,8.0
2024,3941017,Slovakia,76.0,1.289,77.63,15.79,6.58,Low Block,59.0,12.0,5.0
2024,3941018,Georgia,63.0,1.063,95.24,3.17,1.59,Low Block,60.0,2.0,1.0
2024,3941018,Spain,29.0,1.931,37.93,31.03,31.03,High Press,11.0,9.0,9.0
2024,3941019,Belgium,38.0,1.211,84.21,10.53,5.26,Low Block,32.0,4.0,2.0
2024,3941019,France,39.0,1.256,76.92,20.51,2.56,Low Block,30.0,8.0,1.0
2024,3941020,Portugal,66.0,1.561,56.06,31.82,12.12,Low Block,37.0,21.0,8.0
2024,3941020,Slovenia,81.0,1.272,79.01,14.81,6.17,Low Block,64.0,12.0,5.0
2024,3941021,Netherlands,40.0,1.475,67.5,17.5,15.0,Low Block,27.0,7.0,6.0
2024,3941021,Romania,59.0,1.169,89.83,3.39,6.78,Low Block,53.0,2.0,4.0
2024,3941022,Austria,37.0,1.838,43.24,29.73,27.03,Balanced,16.0,11.0,10.0
2024,3941022,Turkey,91.0,1.242,82.42,10.99,6.59,Low Block,75.0,10.0,6.0
2024,3942226,Germany,36.0,1.361,75.0,13.89,11.11,Low Block,27.0,5.0,4.0
2024,3942226,Spain,68.0,1.338,76.47,13.24,10.29,Low Block,52.0,9.0,7.0
2024,3942227,England,40.0,1.275,77.5,17.5,5.0,Low Block,31.0,7.0,2.0
2024,3942227,Switzerland,58.0,1.448,67.24,20.69,12.07,Low Block,39.0,12.0,7.0
2024,3942228,Argentina,39.0,1.487,61.54,28.21,10.26,Low Block,24.0,11.0,4.0
2024,3942228,Ecuador,33.0,1.333,69.7,27.27,3.03,Low Block,23.0,9.0,1.0
2024,3942229,Canada,63.0,1.302,73.02,23.81,3.17,Low Block,46.0,15.0,2.0
2024,3942229,Venezuela,46.0,1.37,67.39,28.26,4.35,Low Block,31.0,13.0,2.0
2024,3942349,France,61.0,1.361,75.41,13.11,11.48,Low Block,46.0,8.0,7.0
2024,3942349,Portugal,45.0,1.244,82.22,11.11,6.67,Low Block,37.0,5.0,3.0
2024,3942382,Netherlands,44.0,1.432,70.45,15.91,13.64,Low Block,31.0,7.0,6.0
2024,3942382,Turkey,47.0,1.34,74.47,17.02,8.51,Low Block,35.0,8.0,4.0
2024,3942415,Brazil,46.0,1.304,73.91,21.74,4.35,Low Block,34.0,10.0,2.0
2024,3942415,Uruguay,53.0,1.604,56.6,26.42,16.98,Low Block,30.0,14.0,9.0
2024,3942416,Colombia,32.0,1.312,78.12,12.5,9.38,Low Block,25.0,4.0,3.0
2024,3942416,Panama,35.0,1.571,54.29,34.29,11.43,Low Block,19.0,12.0,4.0
2024,3942752,France,39.0,1.436,69.23,17.95,12.82,Low Block,27.0,7.0,5.0
2024,3942752,Spain,47.0,1.362,72.34,19.15,8.51,Low Block,34.0,9.0,4.0
2024,3942785,Argentina,38.0,1.605,57.89,23.68,18.42,Low Block,22.0,9.0,7.0
2024,3942785,Canada,37.0,1.757,45.95,32.43,21.62,Balanced,17.0,12.0,8.0
2024,3942819,England,20.0,1.4,70.0,20.0,10.0,Low Block,14.0,4.0,2.0
2024,3942819,Netherlands,35.0,1.371,65.71,31.43,2.86,Low Block,23.0,11.0,1.0
2024,3942852,Colombia,30.0,1.467,63.33,26.67,10.0,Low Block,19.0,8.0,3.0
2024,3942852,Uruguay,28.0,1.429,64.29,28.57,7.14,Low Block,18.0,8.0,2.0
2024,3943043,England,53.0,1.34,75.47,15.09,9.43,Low Block,40.0,8.0,5.0
2024,3943043,Spain,40.0,1.45,65.0,25.0,10.0,Low Block,26.0,10.0,4.0
2024,3943076,Canada,58.0,1.586,53.45,34.48,12.07,Low Block,31.0,20.0,7.0
2024,3943076,Uruguay,57.0,1.351,70.18,24.56,5.26,Low Block,40.0,14.0,3.0
2024,3943077,Argentina,48.0,1.438,70.83,14.58,14.58,Low Block,34.0,7.0,7.0
2024,3943077,Colombia,41.0,1.488,63.41,24.39,12.2,Low Block,26.0,10.0,5.0
2025,3998836,Iceland Women's,60.0,1.483,61.67,28.33,10.0,Low Block,37.0,17.0,6.0
2025,3998836,WNT Finland,60.0,1.5,63.33,23.33,13.33,Low Block,38.0,14.0,8.0
2025,3998837,Norway Women's,51.0,1.627,54.9,27.45,17.65,Low Block,28.0,14.0,9.0
2025,3998837,Switzerland Women's,52.0,1.692,48.08,34.62,17.31,Balanced,25.0,18.0,9.0
2025,3998838,Belgium Women's,46.0,1.391,65.22,30.43,4.35,Low Block,30.0,14.0,2.0
2025,3998838,Italy Women's,44.0,1.5,59.09,31.82,9.09,Low Block,26.0,14.0,4.0
2025,3998839,Portugal Women's,56.0,1.161,83.93,16.07,0.0,Low Block,47.0,9.0,0.0
2025,3998839,Spain Women's,31.0,1.871,38.71,35.48,25.81,Balanced,12.0,11.0,8.0
2025,3998840,Germany Women's,34.0,1.647,50.0,35.29,14.71,Balanced,17.0,12.0,5.0
2025,3998840,Poland Women's,48.0,1.208,85.42,8.33,6.25,Low Block,41.0,4.0,3.0
2025,3998841,Denmark Women's,69.0,1.304,76.81,15.94,7.25,Low Block,53.0,11.0,5.0
2025,3998841,Sweden Women's,38.0,1.632,47.37,42.11,10.53,Balanced,18.0,16.0,4.0
2025,3998842,Netherlands Women's,43.0,1.674,48.84,34.88,16.28,Balanced,21.0,15.0,7.0
2025,3998842,Wales,54.0,1.37,75.93,11.11,12.96,Low Block,41.0,6.0,7.0
2025,3998843,England Women's,52.0,1.635,51.92,32.69,15.38,Low Block,27.0,17.0,8.0
2025,3998843,France Women's,49.0,1.327,71.43,24.49,4.08,Low Block,35.0,12.0,2.0
2025,3998844,Iceland Women's,58.0,1.517,58.62,31.03,10.34,Low Block,34.0,18.0,6.0
2025,3998844,Switzerland Women's,46.0,1.543,58.7,28.26,13.04,Low Block,27.0,13.0,6.0
2025,3998845,Norway Women's,54.0,1.519,62.96,22.22,14.81,Low Block,34.0,12.0,8.0
2025,3998845,WNT Finland,47.0,1.532,59.57,27.66,12.77,Low Block,28.0,13.0,6.0
2025,3998846,Italy Women's,44.0,1.682,54.55,22.73,22.73,Low Block,24.0,10.0,10.0
2025,3998846,Portugal Women's,65.0,1.508,58.46,32.31,9.23,Low Block,38.0,21.0,6.0
2025,3998847,Belgium Women's,77.0,1.13,88.31,10.39,1.3,Low Block,68.0,8.0,1.0
2025,3998847,Spain Women's,21.0,2.143,33.33,19.05,47.62,High Press,7.0,4.0,10.0
2025,3998848,Poland Women's,64.0,1.406,68.75,21.88,9.38,Low Block,44.0,14.0,6.0
2025,3998848,Sweden Women's,45.0,1.867,37.78,37.78,24.44,Balanced,17.0,17.0,11.0
2025,3998849,Denmark Women's,75.0,1.28,74.67,22.67,2.67,Low Block,56.0,17.0,2.0
2025,3998849,Germany Women's,39.0,1.897,35.9,38.46,25.64,Balanced,14.0,15.0,10.0
2025,3998850,France Women's,40.0,1.6,55.0,30.0,15.0,Low Block,22.0,12.0,6.0
2025,3998850,Wales,55.0,1.236,83.64,9.09,7.27,Low Block,46.0,5.0,4.0
2025,3998851,England Women's,36.0,1.75,41.67,41.67,16.67,Balanced,15.0,15.0,6.0
2025,3998851,Netherlands Women's,50.0,1.3,74.0,22.0,4.0,Low Block,37.0,11.0,2.0
2025,3998852,Switzerland Women's,48.0,1.604,52.08,35.42,12.5,Low Block,25.0,17.0,6.0
2025,3998852,WNT Finland,45.0,1.556,60.0,24.44,15.56,Low Block,27.0,11.0,7.0
2025,3998853,Iceland Women's,48.0,1.396,66.67,27.08,6.25,Low Block,32.0,13.0,3.0
2025,3998853,Norway Women's,29.0,1.483,58.62,34.48,6.9,Low Block,17.0,10.0,2.0
2025,3998854,Belgium Women's,60.0,1.383,73.33,15.0,11.67,Low Block,44.0,9.0,7.0
2025,3998854,Portugal Women's,48.0,1.708,52.08,25.0,22.92,Low Block,25.0,12.0,11.0
2025,3998855,Italy Women's,51.0,1.353,72.55,19.61,7.84,Low Block,37.0,10.0,4.0
2025,3998855,Spain Women's,41.0,1.805,43.9,31.71,24.39,Balanced,18.0,13.0,10.0
2025,3998856,Germany Women's,39.0,1.333,69.23,28.21,2.56,Low Block,27.0,11.0,1.0
2025,3998856,Sweden Women's,36.0,1.417,72.22,13.89,13.89,Low Block,26.0,5.0,5.0
2025,3998857,Denmark Women's,50.0,1.56,58.0,28.0,14.0,Low Block,29.0,14.0,7.0
2025,3998857,Poland Women's,49.0,1.449,63.27,28.57,8.16,Low Block,31.0,14.0,4.0
2025,3998858,England Women's,35.0,2.114,28.57,31.43,40.0,High Press,10.0,11.0,14.0
2025,3998858,Wales,65.0,1.231,78.46,20.0,1.54,Low Block,51.0,13.0,1.0
2025,3998859,France Women's,51.0,1.353,76.47,11.76,11.76,Low Block,39.0,6.0,6.0
2025,3998859,Netherlands Women's,47.0,1.553,61.7,21.28,17.02,Low Block,29.0,10.0,8.0
2025,4018354,Italy Women's,57.0,1.544,59.65,26.32,14.04,Low Block,34.0,15.0,8.0
2025,4018354,Norway Women's,53.0,1.453,67.92,18.87,13.21,Low Block,36.0,10.0,7.0
2025,4018355,England Women's,70.0,1.643,50.0,35.71,14.29,Balanced,35.0,25.0,10.0
2025,4018355,Sweden Women's,82.0,1.524,64.63,18.29,17.07,Low Block,53.0,15.0,14.0
2025,4018356,Spain Women's,36.0,2.139,27.78,30.56,41.67,High Press,10.0,11.0,15.0
2025,4018356,Switzerland Women's,65.0,1.277,76.92,18.46,4.62,Low Block,50.0,12.0,3.0
2025,4018357,France Women's,41.0,1.805,39.02,41.46,19.51,Balanced,16.0,17.0,8.0
2025,4018357,Germany Women's,88.0,1.318,72.73,22.73,4.55,Low Block,64.0,20.0,4.0
2025,4020005,England Women's,60.0,1.833,43.33,30.0,26.67,Balanced,26.0,18.0,16.0
2025,4020005,Italy Women's,99.0,1.293,73.74,23.23,3.03,Low Block,73.0,23.0,3.0
2025,4020077,Germany Women's,70.0,1.257,74.29,25.71,0.0,Low Block,52.0,18.0,0.0
2025,4020077,Spain Women's,42.0,1.69,50.0,30.95,19.05,Balanced,21.0,13.0,8.0
2025,4020846,England Women's,91.0,1.44,68.13,19.78,12.09,Low Block,62.0,18.0,11.0
2025,4020846,Spain Women's,91.0,1.516,52.75,42.86,4.4,Low Block,48.0,39.0,4.0
